"","text","favorited","favoriteCount","replyToSN","created","truncated","replyToSID","id","replyToUID","statusSource","screenName","retweetCount","isRetweet","retweeted","longitude","latitude"
"1","Wow this flu ain't no joke <ed><U+00A0><U+00BE><ed><U+00B4><U+00A2><ed><U+00A0><U+00BE><ed><U+00B4><U+0092><ed><U+00A0><U+00BD><ed><U+00B8><U+00AD> I need my mommmm.",FALSE,0,NA,2018-03-07 20:27:12,FALSE,NA,"971482416626978816",NA,"<a href=""http://twitter.com/download/iphone"" rel=""nofollow"">Twitter for iPhone</a>","laurenkaylene_",0,FALSE,FALSE,NA,NA
"2","198 -&gt; 182 in 9 days. Flu gotta be kidding me",FALSE,0,NA,2018-03-07 20:27:09,FALSE,NA,"971482404312440832",NA,"<a href=""http://twitter.com/download/android"" rel=""nofollow"">Twitter for Android</a>","jcubby_",0,FALSE,FALSE,NA,NA
"3","@AndreaLibman Flu shot.",FALSE,0,"AndreaLibman",2018-03-07 20:26:31,FALSE,"971219433942167552","971482245499424768","392460743","<a href=""https://mobile.twitter.com"" rel=""nofollow"">Twitter Lite</a>","TheRareDaWire",0,FALSE,FALSE,NA,NA
"4","We are being heard: #lawmakers in the USA and UK have seen this film, and it has gotten many awards: including at t… https://t.co/jfp0PijQzb",FALSE,0,"DDivlin",2018-03-07 20:26:26,TRUE,"971468250591604736","971482226389958657","1736278956","<a href=""http://twitter.com/download/iphone"" rel=""nofollow"">Twitter for iPhone</a>","DDivlin",0,FALSE,FALSE,NA,NA
"5","Just had surgery now I have the flu and pneumonia great. <ed><U+00A0><U+00BD><ed><U+00B8><U+00AA><ed><U+00A0><U+00BD><ed><U+00B8><U+00B7><ed><U+00A0><U+00BE><ed><U+00B4><U+00A2><ed><U+00A0><U+00BE><ed><U+00B4><U+00AE>",FALSE,0,NA,2018-03-07 20:26:09,FALSE,NA,"971482155963609088",NA,"<a href=""http://twitter.com/download/iphone"" rel=""nofollow"">Twitter for iPhone</a>","Exzandra_Romero",0,FALSE,FALSE,NA,NA
"6","Me with the flu at work tonight touching y’all food https://t.co/ugE88uS9uM",FALSE,1,NA,2018-03-07 20:26:09,FALSE,NA,"971482153639792640",NA,"<a href=""http://twitter.com/download/iphone"" rel=""nofollow"">Twitter for iPhone</a>","Tyshawnglory",0,FALSE,FALSE,NA,NA
"7","Heading to the Dr shortly. Think I have the flu. <ed><U+00A0><U+00BD><ed><U+00B8><U+00AB><ed><U+00A0><U+00BD><ed><U+00B8><U+00A5>",FALSE,0,NA,2018-03-07 20:26:00,FALSE,NA,"971482116692246529",NA,"<a href=""http://twitter.com/download/android"" rel=""nofollow"">Twitter for Android</a>","Instant_Karma74",0,FALSE,FALSE,NA,NA
"8","My mom has the flu the air bnb rental booked and I don't like staying by people longer than 2 days but I refuse to… https://t.co/UCJhD1LTUc",FALSE,0,NA,2018-03-07 20:26:00,TRUE,NA,"971482114662203393",NA,"<a href=""http://twitter.com/download/android"" rel=""nofollow"">Twitter for Android</a>","MsGegeMarie",0,FALSE,FALSE,NA,NA
"9","Mood below zero <ed><U+00A0><U+00BD><ed><U+00B8><U+0094> hopefully I’ll wake up feeling better. This flu le yona its not helping.",FALSE,0,NA,2018-03-07 20:25:56,FALSE,NA,"971482099684397056",NA,"<a href=""http://twitter.com/download/iphone"" rel=""nofollow"">Twitter for iPhone</a>","_Ofentse_S",0,FALSE,FALSE,NA,NA
"10","The Drift in Molecular Testing for Influenza: Mutations Affecting Assay Performance. *Don't read before bed. You wi… https://t.co/7Pt67lOxfv",FALSE,0,NA,2018-03-07 20:25:39,TRUE,NA,"971482030109265921",NA,"<a href=""http://twitter.com"" rel=""nofollow"">Twitter Web Client</a>","JClinMicro",0,FALSE,FALSE,NA,NA
"11","Home with the stomach flu so I’m watching every Austin Powers movie",FALSE,0,NA,2018-03-07 20:25:36,FALSE,NA,"971482013894135809",NA,"<a href=""http://twitter.com/download/iphone"" rel=""nofollow"">Twitter for iPhone</a>","CHUGGNET",0,FALSE,FALSE,NA,NA
"12","@EidolonFox @Rainbow6Game I’m just kidding around... but if you think you are getting the flu get down and get that… https://t.co/qhsOuWqFSX",FALSE,0,"EidolonFox",2018-03-07 20:25:28,TRUE,"971481256545406977","971481984290738176","165743057","<a href=""http://twitter.com/download/iphone"" rel=""nofollow"">Twitter for iPhone</a>","NyxbornWolf",0,FALSE,FALSE,NA,NA
"13","@nayrelyk7 @Cigna I am completely disgusted with Cigna. I’m still waiting for a response. 

The flu is SCARY! I hop… https://t.co/lyoJ8GK718",FALSE,0,"nayrelyk7",2018-03-07 20:25:14,TRUE,"971469997884178434","971481924643385344","69764378","<a href=""http://twitter.com/download/iphone"" rel=""nofollow"">Twitter for iPhone</a>","ardis_thomas_",0,FALSE,FALSE,NA,NA
"14","@momofmonday @IllNaNa_86 @CruzxControl I have zero need to look up flu shots or active or inactive viruses... I giv… https://t.co/FlKnapOUrK",FALSE,0,"momofmonday",2018-03-07 20:25:14,TRUE,"971448124890902529","971481922483507200","42930536","<a href=""http://twitter.com/download/android"" rel=""nofollow"">Twitter for Android</a>","rachl164183",0,FALSE,FALSE,NA,NA
"15","@andylassner Ugh - first Sessions, now Trump. Will he golf at his Palos Verdes course? The flu is still around, may… https://t.co/GdHc3xB3Jt",FALSE,0,"andylassner",2018-03-07 20:25:13,TRUE,"971480943885107201","971481917773168640","23645988","<a href=""http://twitter.com/download/iphone"" rel=""nofollow"">Twitter for iPhone</a>","DA2PIQ",0,FALSE,FALSE,NA,NA
"16","I’m home and no tests next week. She’s got the Flu. <U+2639><U+FE0F><ed><U+00A0><U+00BE><ed><U+00B4><U+00A7><ed><U+00A0><U+00BD><ed><U+00B8><U+00B7><ed><U+00A0><U+00BE><ed><U+00B4><U+0092> https://t.co/xjLy9lmfn6",FALSE,0,NA,2018-03-07 20:24:55,FALSE,NA,"971481842095411201",NA,"<a href=""http://twitter.com/#!/download/ipad"" rel=""nofollow"">Twitter for iPad</a>","March4America",0,FALSE,FALSE,NA,NA
"17","@NolaTRedd And DON'T get the flu! (And don't let your minion get the flu, either, assuming she's still young enough… https://t.co/s5kG9iTrqW",FALSE,0,"NolaTRedd",2018-03-07 20:24:55,TRUE,"971481301940408326","971481841864552448","3242684624","<a href=""http://twitter.com"" rel=""nofollow"">Twitter Web Client</a>","StartsWithABang",0,FALSE,FALSE,NA,NA
"18","CDC Doctor, Who Claimed Flu Shot Caused Outbreak, Missing - Feared Dead https://t.co/QmH1o4US0S",FALSE,0,NA,2018-03-07 20:24:35,FALSE,NA,"971481758754594819",NA,"<a href=""http://www.facebook.com/twitter"" rel=""nofollow"">Facebook</a>","108wintersrest",0,FALSE,FALSE,NA,NA
"19","Oh shit...man flu!! Need to summon up some sympathy <ed><U+00A0><U+00BD><ed><U+00B8><U+00A9><ed><U+00A0><U+00BD><ed><U+00B1><U+008E><ed><U+00A0><U+00BE><ed><U+00B4><U+00AE>!",FALSE,0,NA,2018-03-07 20:24:31,FALSE,NA,"971481743277641734",NA,"<a href=""http://www.facebook.com/twitter"" rel=""nofollow"">Facebook</a>","sadeylee",0,FALSE,FALSE,NA,NA
"20","Is this Minecraft music in the background <ed><U+00A0><U+00BD><ed><U+00B8><U+0082><ed><U+00A0><U+00BD><ed><U+00B8><U+0082> https://t.co/9xNwYHlW2Y",FALSE,1,NA,2018-03-07 20:24:22,FALSE,NA,"971481704962682880",NA,"<a href=""http://twitter.com/download/iphone"" rel=""nofollow"">Twitter for iPhone</a>","slime_Flu_",0,FALSE,FALSE,NA,NA
"21","lost so much weight bc of the flu that mom came home with a shit load of junk food to help “fatten me up” ahahahaha",FALSE,1,NA,2018-03-07 20:24:15,FALSE,NA,"971481677401903106",NA,"<a href=""http://twitter.com/download/iphone"" rel=""nofollow"">Twitter for iPhone</a>","katieedennehy",0,FALSE,FALSE,NA,NA
"22","My moms keep blowin up my phone all “did you get a flu shot?” and “I love you and I hope you’re doing well” and “my… https://t.co/vQEPz2ssvU",FALSE,1,NA,2018-03-07 20:24:15,TRUE,NA,"971481675384442880",NA,"<a href=""http://twitter.com/download/iphone"" rel=""nofollow"">Twitter for iPhone</a>","PermGoblin",0,FALSE,FALSE,NA,NA
"23","My friend just said my other friend is having the 'Fluid' <ed><U+00A0><U+00BD><ed><U+00B8><U+00A8><ed><U+00A0><U+00BD><ed><U+00B8><U+00A8><ed><U+00A0><U+00BD><ed><U+00B9><U+008A><ed><U+00A0><U+00BD><ed><U+00B9><U+008A><ed><U+00A0><U+00BD><ed><U+00B9><U+008A>

Nigga its the 'Flu'
<ed><U+00A0><U+00BD><ed><U+00B8><U+0082><ed><U+00A0><U+00BD><ed><U+00B8><U+0082><ed><U+00A0><U+00BD><ed><U+00B8><U+0082><ed><U+00A0><U+00BD><ed><U+00B8><U+0082><ed><U+00A0><U+00BD><ed><U+00B8><U+0082><ed><U+00A0><U+00BD><ed><U+00B8><U+0082><ed><U+00A0><U+00BD><ed><U+00B8><U+0082>",FALSE,0,NA,2018-03-07 20:24:10,FALSE,NA,"971481653485998081",NA,"<a href=""http://twitter.com/download/android"" rel=""nofollow"">Twitter for Android</a>","___Labi",0,FALSE,FALSE,NA,NA
"24","I'm also feeling a little bit better tonight so hopefully this flu eases out of me now.",FALSE,0,NA,2018-03-07 20:23:59,FALSE,NA,"971481607734521865",NA,"<a href=""http://twitter.com"" rel=""nofollow"">Twitter Web Client</a>","kathbehne",0,FALSE,FALSE,NA,NA
"25","The only positive side to the flu is losing a couple pounds so theres that<ed><U+00A0><U+00BD><ed><U+00B1><U+008D><ed><U+00A0><U+00BC><ed><U+00BF><U+00BC><ed><U+00A0><U+00BD><ed><U+00B8><U+0085>",FALSE,0,NA,2018-03-07 20:23:58,FALSE,NA,"971481606878883846",NA,"<a href=""http://twitter.com/download/iphone"" rel=""nofollow"">Twitter for iPhone</a>","Abbie32leigh",0,FALSE,FALSE,NA,NA
"26","In like a lion, out like a lamb, It’d be great if cold and flu season did the same, not so much. Why routine disinf… https://t.co/UOU9k75aIc",FALSE,0,NA,2018-03-07 20:23:44,TRUE,NA,"971481545138692097",NA,"<a href=""http://twitter.com"" rel=""nofollow"">Twitter Web Client</a>","STERAMIST_IL",0,FALSE,FALSE,NA,NA
"27","It's 3:22am and I'm dying from this flu and ear clogged<ed><U+00A0><U+00BD><ed><U+00B8><U+00AD>",FALSE,0,NA,2018-03-07 20:23:36,FALSE,NA,"971481513354133505",NA,"<a href=""http://twitter.com/download/android"" rel=""nofollow"">Twitter for Android</a>","noceur002",0,FALSE,FALSE,NA,NA
"28","Fuck this stomach flu!!!",FALSE,0,NA,2018-03-07 20:23:21,FALSE,NA,"971481449000968192",NA,"<a href=""http://twitter.com/download/iphone"" rel=""nofollow"">Twitter for iPhone</a>","rollin422",0,FALSE,FALSE,NA,NA
"29","Day 65
Theme: Strength 

Food is source of strength after stomach flu. https://t.co/DyWq0RGtje",FALSE,0,"DigStic",2018-03-07 20:22:50,FALSE,"971481083983400960","971481318549852161","2420580992","<a href=""http://twitter.com/download/iphone"" rel=""nofollow"">Twitter for iPhone</a>","DigStic",0,FALSE,FALSE,NA,NA
"30","Wook flu is in full effect post @okeechobeefest",FALSE,0,NA,2018-03-07 20:22:33,FALSE,NA,"971481246642704385",NA,"<a href=""http://twitter.com/download/iphone"" rel=""nofollow"">Twitter for iPhone</a>","CRANNY_8",0,FALSE,FALSE,NA,NA
"31","how the hell i catch the flu twice in less than 3 months..damn wtf is in the air ?",FALSE,0,NA,2018-03-07 20:22:17,FALSE,NA,"971481182427901952",NA,"<a href=""http://twitter.com/download/iphone"" rel=""nofollow"">Twitter for iPhone</a>","Fergheaux",0,FALSE,FALSE,NA,NA
"32","@madamrose2 aww no hope not the flu I've been ill since week past Sunday",FALSE,0,"madamrose2",2018-03-07 20:22:15,FALSE,"971480666327183360","971481174798368769","2654694248","<a href=""http://twitter.com/download/iphone"" rel=""nofollow"">Twitter for iPhone</a>","2LOVEMYCAT",0,FALSE,FALSE,NA,NA
"33","Keeping Kids Healthy in Flu Season https://t.co/ieraIYiZis 
#dentaltoys #toytower #treasuretower #PDC2018 #2018PDC… https://t.co/HafElUHnMI",FALSE,1,NA,2018-03-07 20:22:06,TRUE,NA,"971481137074749440",NA,"<a href=""http://twitter.com"" rel=""nofollow"">Twitter Web Client</a>","TreasureTowerCA",0,FALSE,FALSE,NA,NA
"34","Antibiotics will do absolutely nothing for a cold, cough or the flu as they are viral infections - not bacterial.",FALSE,0,NA,2018-03-07 20:21:53,FALSE,NA,"971481080283914240",NA,"<a href=""http://twitter.com/download/android"" rel=""nofollow"">Twitter for Android</a>","itzShinChan_",0,FALSE,FALSE,NA,NA
"35","Hahahaha sent home from work since I’ve not got the FLU. Not even funny man am such a smart arse lol",FALSE,0,"chelbihillan",2018-03-07 20:21:47,FALSE,"971150763857776640","971481053994127360","176754611","<a href=""http://twitter.com/download/iphone"" rel=""nofollow"">Twitter for iPhone</a>","chelbihillan",0,FALSE,FALSE,NA,NA
"36","Still worth getting your shot! Influenza B is still a major force.
What’s behind this year’s frightening flu season? https://t.co/SdymuwbbEc",FALSE,0,NA,2018-03-07 20:21:46,FALSE,NA,"971481052194660352",NA,"<a href=""http://twitter.com"" rel=""nofollow"">Twitter Web Client</a>","KBowsher",0,FALSE,FALSE,NA,NA
"37","Me when someone asks how the flu is going <ed><U+00A0><U+00BE><ed><U+00B4><U+00A2><ed><U+00A0><U+00BD><ed><U+00B8><U+00A3><ed><U+00A0><U+00BD><ed><U+00B8><U+00B7><ed><U+00A0><U+00BE><ed><U+00B4><U+00A7><ed><U+00A0><U+00BE><ed><U+00B4><U+0092> https://t.co/wWFbWqmUDh",FALSE,0,NA,2018-03-07 20:21:44,FALSE,NA,"971481042443030531",NA,"<a href=""http://twitter.com/download/iphone"" rel=""nofollow"">Twitter for iPhone</a>","BrookeEtaylor14",0,FALSE,FALSE,NA,NA
"38","@ReneeYoungWWE is it me but is America and Britain gettting the flu bugs because my family members are getting it but not me",FALSE,0,"ReneeYoungWWE",2018-03-07 20:21:39,FALSE,"971450337977516032","971481021676912642","70725301","<a href=""http://twitter.com"" rel=""nofollow"">Twitter Web Client</a>","WWEcyberdash",0,FALSE,FALSE,NA,NA
"39","Turns out it’s the flu. Because of course it is.",FALSE,0,"jwhittz",2018-03-07 20:21:35,FALSE,"971438691125260307","971481003524050945","36747220","<a href=""http://twitter.com/download/iphone"" rel=""nofollow"">Twitter for iPhone</a>","jwhittz",0,FALSE,FALSE,NA,NA
"40","That flu dont wanna live me...",FALSE,0,NA,2018-03-07 20:21:27,FALSE,NA,"971480970024112129",NA,"<a href=""http://twitter.com/download/android"" rel=""nofollow"">Twitter for Android</a>","kwaiyan143_",0,FALSE,FALSE,NA,NA
"41","Doctor confirms no flu! Just a lung infection that will be controlled with antibiotics and an inhaler. I oughta... https://t.co/WJ17rd0U46",FALSE,0,NA,2018-03-07 20:21:18,FALSE,NA,"971480933932195840",NA,"<a href=""http://www.facebook.com/twitter"" rel=""nofollow"">Facebook</a>","LoreeLoughAutho",0,FALSE,FALSE,NA,NA
"42","How you sit there and wonder why you got the flu but you haven’t washed ya hands since 8th grade biology",FALSE,0,NA,2018-03-07 20:21:12,FALSE,NA,"971480906593644545",NA,"<a href=""http://twitter.com/download/iphone"" rel=""nofollow"">Twitter for iPhone</a>","zecheroni",0,FALSE,FALSE,NA,NA
"43","The Art of Random Willy-Nillyness: Survive Flu &amp; cold season with Mucinex + Giveaway!... @carogonza https://t.co/nnIZYiRinI",FALSE,0,NA,2018-03-07 20:20:56,FALSE,NA,"971480842861150208",NA,"<a href=""http://twitter.com"" rel=""nofollow"">Twitter Web Client</a>","DEBIJOT",0,FALSE,FALSE,NA,NA
"44","damn stomach flu",FALSE,0,NA,2018-03-07 20:20:51,FALSE,NA,"971480821516218369",NA,"<a href=""http://twitter.com/download/iphone"" rel=""nofollow"">Twitter for iPhone</a>","victoriaareinaa",0,FALSE,FALSE,NA,NA
"45","@StartsWithABang I haven't done any traveling this year and I am seriously bummed about it. But with my luck, the n… https://t.co/EWAIU8kdja",FALSE,0,"StartsWithABang",2018-03-07 20:20:45,TRUE,"971465851151966208","971480796119871488","280811825","<a href=""http://twitter.com"" rel=""nofollow"">Twitter Web Client</a>","NolaTRedd",0,FALSE,FALSE,NA,NA
"46","When you have the flu no fart can be trusted <ed><U+00A0><U+00BE><ed><U+00B4><U+0092><ed><U+00A0><U+00BD><ed><U+00B8><U+00B7>",FALSE,0,NA,2018-03-07 20:20:43,FALSE,NA,"971480787064377344",NA,"<a href=""http://twitter.com/download/iphone"" rel=""nofollow"">Twitter for iPhone</a>","TylerBlanchard8",0,FALSE,FALSE,NA,NA
"47","ABC: Experts say flu shot potentially caused the flu epidemic (Shocker, in mainstream no less) https://t.co/twIwivKqVi",FALSE,0,NA,2018-03-07 20:20:37,FALSE,NA,"971480761328119809",NA,"<a href=""http://www.facebook.com/twitter"" rel=""nofollow"">Facebook</a>","SkurbanVintro",0,FALSE,FALSE,NA,NA
"48","@OglesbyAPP Is that the flu medicine your on? https://t.co/Ouyns1g8hD",FALSE,0,"OglesbyAPP",2018-03-07 20:20:33,FALSE,"971465239735820293","971480743422636033","381672253","<a href=""http://twitter.com/download/android"" rel=""nofollow"">Twitter for Android</a>","TimBrucefan60",0,FALSE,FALSE,NA,NA
"49","@GliffYT You got the flu?",FALSE,0,"GliffYT",2018-03-07 20:20:32,FALSE,"971479238426505216","971480741476315136","731637151","<a href=""http://twitter.com/download/iphone"" rel=""nofollow"">Twitter for iPhone</a>","jellyjelly0408",0,FALSE,FALSE,NA,NA
"50","@gxmrnstar Great day .Even if i am in pain normal for me have to live with 
Hope your bunch is all well and Blake over the Flu take care.",FALSE,1,"gxmrnstar",2018-03-07 20:20:25,FALSE,"971450328733372417","971480709549428737","3119181328","<a href=""http://twitter.com/download/android"" rel=""nofollow"">Twitter for Android</a>","Jennife83124569",1,FALSE,FALSE,NA,NA
"51","How is it people still don’t know to COVER their damn mouths when they sneeze?! I am not playing with you assholes.… https://t.co/nPuo7xDM5I",FALSE,0,NA,2018-03-07 20:20:15,TRUE,NA,"971480668667629568",NA,"<a href=""http://twitter.com/download/iphone"" rel=""nofollow"">Twitter for iPhone</a>","tifygodess24",0,FALSE,FALSE,NA,NA
"52","@jendrawscomics Flu is tap dancing on my ass, had a fever of 103",FALSE,0,"jendrawscomics",2018-03-07 20:20:08,FALSE,"971479348887900161","971480642092519424","612541739","<a href=""http://twitter.com/download/android"" rel=""nofollow"">Twitter for Android</a>","Hdharris_irl",0,FALSE,FALSE,NA,NA
"53","@CaFPodcast  I can't stop listening but in the end of each season  I have no fucking idea what's going on. It's lik… https://t.co/fq6NngKOuf",FALSE,0,"CaFPodcast",2018-03-07 20:20:02,TRUE,NA,"971480613676109825","1686377550","<a href=""http://twitter.com/download/android"" rel=""nofollow"">Twitter for Android</a>","chickenfudge",0,FALSE,FALSE,NA,NA
"54","i took two paracetamol in advance so that i hopefully don't get fucked with a flu and i gotta <ed><U+00A0><U+00BD><ed><U+00BB><U+008F><U+FE0F><ed><U+00A0><U+00BD><ed><U+00BB><U+008F><U+FE0F><ed><U+00A0><U+00BD><ed><U+00BB><U+008F><U+FE0F><ed><U+00A0><U+00BD><ed><U+00BB><U+008F><U+FE0F><ed><U+00A0><U+00BD><ed><U+00BB><U+008F><U+FE0F>CRASH",FALSE,2,NA,2018-03-07 20:19:39,FALSE,NA,"971480518670868481",NA,"<a href=""http://twitter.com"" rel=""nofollow"">Twitter Web Client</a>","r00ibos",0,FALSE,FALSE,NA,NA
"55","Are you sick with #flu? Stay home and avoid close contact with others, except if you need #medical care. Prescripti… https://t.co/z4UsZX6Dzg",FALSE,0,NA,2018-03-07 20:19:37,TRUE,NA,"971480508017332224",NA,"<a href=""http://www.hootsuite.com"" rel=""nofollow"">Hootsuite</a>","UMCapital",0,FALSE,FALSE,NA,NA
"56","Learn how to #prepare a variety of #Disaster #Supply #Kits by watching the #videos at https://t.co/ITE3NnFgxZ… https://t.co/OJxc44j1LV",FALSE,0,NA,2018-03-07 20:19:19,TRUE,NA,"971480433442590726",NA,"<a href=""http://twitter.com"" rel=""nofollow"">Twitter Web Client</a>","BeReadyFlorida",1,FALSE,FALSE,NA,NA
"57","0ks with the flu
#VR https://t.co/eUxfQF2Nv8",FALSE,0,NA,2018-03-07 20:19:18,FALSE,NA,"971480431341088768",NA,"<a href=""https://secondlife.com/"" rel=""nofollow"">Second Life Share</a>","djehankidd",0,FALSE,FALSE,NA,NA
"58","So whilst I'm lying here conquering man flu, I discover this. Yeeeeessss!!! https://t.co/hVqpVr8mOq",FALSE,0,NA,2018-03-07 20:19:16,FALSE,NA,"971480420452794368",NA,"<a href=""http://instagram.com"" rel=""nofollow"">Instagram</a>","Sarah_UKBFF",0,FALSE,FALSE,NA,NA
"59","Lost 8 pounds cause of this flu call me carmen thinn lol",FALSE,28,NA,2018-03-07 20:19:13,FALSE,NA,"971480410138976256",NA,"<a href=""http://twitter.com/download/iphone"" rel=""nofollow"">Twitter for iPhone</a>","CarmenKingy",1,FALSE,FALSE,NA,NA
"60","Should you still get flu shot?
https://t.co/jPIsVzjJOc
#flushot #health #news #pasadena #joejaraszti https://t.co/JFQ4IHo4xI",FALSE,0,NA,2018-03-07 20:19:11,FALSE,NA,"971480399347159042",NA,"<a href=""http://sproutsocial.com"" rel=""nofollow"">Sprout Social</a>","DrJoeHaraszti",0,FALSE,FALSE,NA,NA
"61","Should you still get flu shot?
https://t.co/G59JLjzMUi
#flushot #health #news #pasadena #joejaraszti https://t.co/A6KoTygiSB",FALSE,0,NA,2018-03-07 20:19:10,FALSE,NA,"971480398772494341",NA,"<a href=""http://sproutsocial.com"" rel=""nofollow"">Sprout Social</a>","martavision",0,FALSE,FALSE,NA,NA
"62","Should you still get flu shot?
https://t.co/ot4ZK4RGOG
#flushot #health #news #pasadena #joejaraszti https://t.co/okGZlVIbLv",FALSE,0,NA,2018-03-07 20:19:08,FALSE,NA,"971480390019026944",NA,"<a href=""http://sproutsocial.com"" rel=""nofollow"">Sprout Social</a>","rogerscott",0,FALSE,FALSE,NA,NA
"63","Should you still get flu shot?
https://t.co/wEhcvtV1He
#flushot #health #news #pasadena #joejaraszti https://t.co/nkjgHMGre1",FALSE,0,NA,2018-03-07 20:19:08,FALSE,NA,"971480389054234624",NA,"<a href=""http://sproutsocial.com"" rel=""nofollow"">Sprout Social</a>","KISSMediaCo",0,FALSE,FALSE,NA,NA
"64","Should you still get flu shot?
https://t.co/6unRzuuLXf
#flushot #health #news #pasadena #joejaraszti https://t.co/GykN4SdEQK",FALSE,0,NA,2018-03-07 20:19:08,FALSE,NA,"971480388207071233",NA,"<a href=""http://sproutsocial.com"" rel=""nofollow"">Sprout Social</a>","ColinBBaker",0,FALSE,FALSE,NA,NA
"65","@DigitalCantina Ack, that sucks Andrew. Get better. The flu this year is a beast. Don't underestimate it.",FALSE,0,"DigitalCantina",2018-03-07 20:19:05,FALSE,"971480024292450304","971480376165257217","315349283","<a href=""http://twitter.com"" rel=""nofollow"">Twitter Web Client</a>","Charlie_Athanas",0,FALSE,FALSE,NA,NA
"66","Situation Update: Summary of Weekly FluView Report | Seasonal Influenza (Flu) | CDC https://t.co/8EZZxvyUSQ via @CDCgov",FALSE,0,NA,2018-03-07 20:18:54,FALSE,NA,"971480329721667584",NA,"<a href=""http://twitter.com"" rel=""nofollow"">Twitter Web Client</a>","theTampaDoctor",0,FALSE,FALSE,NA,NA
"67","Found some cold and flu meds still feel like hell but... I think I'll make it through training now. At the very lea… https://t.co/96x3qk5qr6",FALSE,0,NA,2018-03-07 20:18:49,TRUE,NA,"971480307487723521",NA,"<a href=""http://twitter.com/download/android"" rel=""nofollow"">Twitter for Android</a>","Sam_Kenpo",0,FALSE,FALSE,NA,NA
"68","Well after 2 kids throwing up Monday, I have to flu myself. Stomach really hurts, hoping i’m not going to throw up..",FALSE,0,NA,2018-03-07 20:18:48,FALSE,NA,"971480302974586880",NA,"<a href=""http://twitter.com/download/iphone"" rel=""nofollow"">Twitter for iPhone</a>","modelsims4",0,FALSE,FALSE,NA,NA
"69","Nope we have been sleeping in separate rooms....flu in summer is horrible https://t.co/zraUMOeRVX",FALSE,0,NA,2018-03-07 20:18:45,FALSE,NA,"971480292358844419",NA,"<a href=""http://twitter.com/download/android"" rel=""nofollow"">Twitter for Android</a>","lyttoyah",0,FALSE,FALSE,NA,NA
"70","@sevenbarrows @unibet @itvracing @Racing_UK @pasport Fuck of hendo you Bent cunt,I hope ALTIOR gets flu",FALSE,0,"sevenbarrows",2018-03-07 20:18:34,FALSE,"971443680845365249","971480246150156290","4257578578","<a href=""http://twitter.com/download/iphone"" rel=""nofollow"">Twitter for iPhone</a>","wewantnotd01",0,FALSE,FALSE,NA,NA
"71","Isn’t it great when you book a week off work and you’re stuck in bed with the flu<ed><U+00A0><U+00BD><ed><U+00B1><U+008D><ed><U+00A0><U+00BC><ed><U+00BF><U+00BC><ed><U+00A0><U+00BD><ed><U+00B8><U+00B0>",FALSE,0,NA,2018-03-07 20:18:33,FALSE,NA,"971480240882094086",NA,"<a href=""http://twitter.com/download/iphone"" rel=""nofollow"">Twitter for iPhone</a>","RebeccaCalth1",0,FALSE,FALSE,NA,NA
"72","@JeffreyKlarik hi when can we #Episodes Season 5 in UK? At home with flu and NEED this.",FALSE,0,"JeffreyKlarik",2018-03-07 20:18:31,FALSE,NA,"971480232342499329","785996432603959296","<a href=""http://twitter.com/download/iphone"" rel=""nofollow"">Twitter for iPhone</a>","Marthakearney",0,FALSE,FALSE,NA,NA
"73","Day 60
Theme: Favorite Shoes

Had stomach flu for 5+ days so a bit of catching up. Had these for many years. Still… https://t.co/hRME5DfGpR",FALSE,0,"DigStic",2018-03-07 20:18:21,TRUE,"968913434745233409","971480190139404289","2420580992","<a href=""http://twitter.com/download/iphone"" rel=""nofollow"">Twitter for iPhone</a>","DigStic",0,FALSE,FALSE,NA,NA
"74","I have a midterm in a few hours. But I’ve caught a stomach bug or something that’s killing me.  Feels like today’s… https://t.co/oLKfBMsoPE",FALSE,1,NA,2018-03-07 20:18:14,TRUE,NA,"971480161647505408",NA,"<a href=""http://twitter.com/download/iphone"" rel=""nofollow"">Twitter for iPhone</a>","Jwayyedsquared",0,FALSE,FALSE,NA,NA
"75","One of my coworkers just told me I ""look great &amp; look like I lost some weight"" and I'm internally like, ""well I was… https://t.co/vgrxlKgtyM",FALSE,0,NA,2018-03-07 20:18:04,TRUE,NA,"971480121331863557",NA,"<a href=""http://twitter.com"" rel=""nofollow"">Twitter Web Client</a>","_meeeg",0,FALSE,FALSE,NA,NA
"76","5 ingredients to avoid in cold and flu medicine https://t.co/GvyFDwYqsc via @WellandGoodNYC",FALSE,0,NA,2018-03-07 20:18:04,FALSE,NA,"971480119113060354",NA,"<a href=""http://bufferapp.com"" rel=""nofollow"">Buffer</a>","hazelspurr",0,FALSE,FALSE,NA,NA
"77","Antibiotics will do absolutely nothing for a cold, cough or the flu as they are viral infections - not bacterial.",FALSE,63,NA,2018-03-07 20:18:00,FALSE,NA,"971480102579077121",NA,"<a href=""http://bufferapp.com"" rel=""nofollow"">Buffer</a>","Fact",26,FALSE,FALSE,NA,NA
"78","Should I Get the #Flu Shot? #CDC Data Raise Concerns

https://t.co/748exZ2QN1

#LearnTheRisk #vaccines https://t.co/nY7nxY5XpQ",FALSE,1,NA,2018-03-07 20:17:47,FALSE,NA,"971480047054938113",NA,"<a href=""http://facebook.com/burnayeva"" rel=""nofollow"">LotusOak</a>","LotusOak",2,FALSE,FALSE,NA,NA
"79","Current Status trying to get work done with fever and flu workin on me https://t.co/3vZRdTumYr",FALSE,3,NA,2018-03-07 20:17:41,FALSE,NA,"971480024292450304",NA,"<a href=""http://twitter.com"" rel=""nofollow"">Twitter Web Client</a>","DigitalCantina",0,FALSE,FALSE,NA,NA
"80","“what are you doing for spring break?” 

getting the flu I guess",FALSE,0,NA,2018-03-07 20:17:41,FALSE,NA,"971480022765719552",NA,"<a href=""http://twitter.com/download/iphone"" rel=""nofollow"">Twitter for iPhone</a>","jessielbrowning",0,FALSE,FALSE,NA,NA
"81","@Alan_Flu Plot twist",FALSE,1,"Alan_Flu",2018-03-07 20:17:15,FALSE,"971479791026176001","971479913197985792","144640870","<a href=""http://twitter.com"" rel=""nofollow"">Twitter Web Client</a>","rodrigonmartins",0,FALSE,FALSE,NA,NA
"82","Is flu season on the decline? Experts hope so. https://t.co/DwS481gsJl https://t.co/nSGNj0PCGH",FALSE,0,NA,2018-03-07 20:17:08,FALSE,NA,"971479885112848391",NA,"<a href=""https://about.twitter.com/products/tweetdeck"" rel=""nofollow"">TweetDeck</a>","ACPressNLeonard",0,FALSE,FALSE,NA,NA
"83","Btw I’m sicker then fuck <ed><U+00A0><U+00BD><ed><U+00B8><U+00AD> like seriously probably have the flu",FALSE,0,NA,2018-03-07 20:16:44,FALSE,NA,"971479783728009216",NA,"<a href=""http://twitter.com/download/iphone"" rel=""nofollow"">Twitter for iPhone</a>","emt0mbed",0,FALSE,FALSE,NA,NA
"84","Keep the flu from taking over your home with these easy steps.
https://t.co/fwx2vq9H5q",FALSE,0,NA,2018-03-07 20:16:06,FALSE,NA,"971479625049300992",NA,"<a href=""https://www.heyorca.com"" rel=""nofollow"">HeyOrca</a>","SunCleSer",0,FALSE,FALSE,NA,NA
"85","Gotta love being full of flu..... NOT! <ed><U+00A0><U+00BE><ed><U+00B4><U+00A7><ed><U+00A0><U+00BD><ed><U+00B8><U+00B7>",FALSE,0,NA,2018-03-07 20:16:03,FALSE,NA,"971479614420865024",NA,"<a href=""http://twitter.com/download/iphone"" rel=""nofollow"">Twitter for iPhone</a>","TheRealL8onT",0,FALSE,FALSE,NA,NA
"86","Did you get your flu shot? It's not too late! Visit #SixNations Gane Yohs Health Centre TOMORROW 4-7pm. No appt nec… https://t.co/oqitFKXHyv",FALSE,0,NA,2018-03-07 20:16:01,TRUE,NA,"971479603016544257",NA,"<a href=""http://twitter.com"" rel=""nofollow"">Twitter Web Client</a>","SixNationsEC",0,FALSE,FALSE,NA,NA
"87","@AccessBuses @thebevy Thank you for coming. Sorry I didn’t come &amp; chat Victoria. I was in but have the flu &amp; was minimising contact.",FALSE,0,"AccessBuses",2018-03-07 20:15:56,FALSE,"971391121627795457","971479584066670595","2819097304","<a href=""http://twitter.com/download/iphone"" rel=""nofollow"">Twitter for iPhone</a>","sevenbeescafe",0,FALSE,FALSE,NA,NA
"88","The case for a universal #flu vaccine: https://t.co/TOXRxLkUOV",FALSE,1,NA,2018-03-07 20:15:32,FALSE,NA,"971479481864081409",NA,"<a href=""https://prod2.sprinklr.com"" rel=""nofollow"">Sprinklr Prod2</a>","MedscapeNurses",0,FALSE,FALSE,NA,NA
"89","What up, I’m Aline, I’m 17, and i am legitimately dying of the flu",FALSE,0,NA,2018-03-07 20:15:27,FALSE,NA,"971479461110714368",NA,"<a href=""http://twitter.com/download/iphone"" rel=""nofollow"">Twitter for iPhone</a>","OhDeasil",0,FALSE,FALSE,NA,NA
"90","Why do people come out to public places when they know they have the flu.. man comes in and says he’s had it for a… https://t.co/A7x6Zz0yDO",FALSE,0,NA,2018-03-07 20:15:25,TRUE,NA,"971479451614810116",NA,"<a href=""http://twitter.com/download/iphone"" rel=""nofollow"">Twitter for iPhone</a>","killaakatt",0,FALSE,FALSE,NA,NA
"91","Flu jab only worked in quarter of cases, new figures show  https://t.co/8c1yuZtlL3 via @telegraphnews",FALSE,0,NA,2018-03-07 20:15:19,FALSE,NA,"971479428067766272",NA,"<a href=""http://twitter.com"" rel=""nofollow"">Twitter Web Client</a>","bunnycakes64",0,FALSE,FALSE,NA,NA
"92","The truth about the #flushot: It may not always prevent #illness, but it will reduce risk of #death… https://t.co/8tXcuOfxWj",FALSE,0,NA,2018-03-07 20:15:17,TRUE,NA,"971479417800273920",NA,"<a href=""http://www.hootsuite.com"" rel=""nofollow"">Hootsuite</a>","CarolinaFan1982",0,FALSE,FALSE,NA,NA
"93","When you’re home sick with the flu and you suddenly grow a black fluffy lump on your tummy https://t.co/LxDBdWXoLl",FALSE,1,NA,2018-03-07 20:15:09,FALSE,NA,"971479386082893824",NA,"<a href=""http://twitter.com/download/iphone"" rel=""nofollow"">Twitter for iPhone</a>","silbuur",1,FALSE,FALSE,NA,NA
"94","Flu <ed><U+00A0><U+00BD><ed><U+00B8><U+00B7> did not take me out! Just a sign to rest and take it slow, cause honey girl, your going to need your strength! It’s getting close!!<ed><U+00A0><U+00BE><ed><U+00B4><U+0097>
<ed><U+00A0><U+00BE><ed><U+00B4><U+0097>",FALSE,0,NA,2018-03-07 20:15:04,FALSE,NA,"971479366524837888",NA,"<a href=""http://www.facebook.com/twitter"" rel=""nofollow"">Facebook</a>","ttiaj3",0,FALSE,FALSE,NA,NA
"95","DOJ Sues SNF Over Mandated Flu Shot, Citing Worker's Religious Rights https://t.co/Ffu3wmfbdu",FALSE,0,NA,2018-03-07 20:15:02,FALSE,NA,"971479357913890816",NA,"<a href=""https://dlvrit.com/"" rel=""nofollow"">dlvr.it</a>","EthnicConflict",0,FALSE,FALSE,NA,NA
"96","Princess is a G<ed><U+00A0><U+00BD><ed><U+00B8><U+0082> she got her flu shot. As soon as it went into her leg, I saw her pouting ready to cry until we sai… https://t.co/F6u8ihwylb",FALSE,0,NA,2018-03-07 20:14:59,TRUE,NA,"971479342575308800",NA,"<a href=""http://twitter.com/download/iphone"" rel=""nofollow"">Twitter for iPhone</a>","_ineti",0,FALSE,FALSE,NA,NA
"97","#Ukraine continues to experience high level of #flu activity. At least six region are at #epidemic stage. Three dea… https://t.co/qclWZ0kS4n",FALSE,0,NA,2018-03-07 20:14:41,TRUE,NA,"971479266583080960",NA,"<a href=""http://twitter.com"" rel=""nofollow"">Twitter Web Client</a>","besthealthyou",0,FALSE,FALSE,NA,NA
"98","Third time I’ve had the flu since Christmas what’s going on<ed><U+00A0><U+00BE><ed><U+00B4><U+0092><ed><U+00A0><U+00BE><ed><U+00B4><U+0092> #sickday",FALSE,0,NA,2018-03-07 20:14:04,FALSE,NA,"971479112291373056",NA,"<a href=""http://twitter.com/download/iphone"" rel=""nofollow"">Twitter for iPhone</a>","mollybrady44",0,FALSE,FALSE,NA,NA
"99","Great news for those of us who question flu shot Melania Trump Bans White House Staff From Taking Flu Shot https://t.co/6tWJtk1D9O",FALSE,0,NA,2018-03-07 20:13:56,FALSE,NA,"971479079651303424",NA,"<a href=""http://twitter.com/download/iphone"" rel=""nofollow"">Twitter for iPhone</a>","DeePSw31",0,FALSE,FALSE,NA,NA
"100","I have the worst stomach flu in the history of mankind and my only entertainment has been @_CatPeterson and… https://t.co/iKpeSKtyNY",FALSE,5,NA,2018-03-07 20:13:43,TRUE,NA,"971479024991133697",NA,"<a href=""http://twitter.com/download/iphone"" rel=""nofollow"">Twitter for iPhone</a>","Pihlas_view",1,FALSE,FALSE,NA,NA
"101","I hope this nurse wins this battle. Would be a huge win for all health care workers who are forced into getting... https://t.co/qAHLw7EOlS",FALSE,0,NA,2018-03-07 20:13:41,FALSE,NA,"971479018917842945",NA,"<a href=""http://www.facebook.com/twitter"" rel=""nofollow"">Facebook</a>","BalancedBodyChi",0,FALSE,FALSE,NA,NA
"102","Weather allergy: forever confusing you whether it’s an allergy or flu.",FALSE,0,NA,2018-03-07 20:13:35,FALSE,NA,"971478993747800064",NA,"<a href=""http://twitter.com/download/iphone"" rel=""nofollow"">Twitter for iPhone</a>","lexii_Dee",0,FALSE,FALSE,NA,NA
"103","man if i have the flu i wouldn’t even be upset about it",FALSE,0,NA,2018-03-07 20:13:31,FALSE,NA,"971478974164475904",NA,"<a href=""http://twitter.com/download/iphone"" rel=""nofollow"">Twitter for iPhone</a>","uhhkarm",0,FALSE,FALSE,NA,NA
"104","@JxDokkan When the flu thinks it has you beat https://t.co/7tclc0JiX5",FALSE,2,"JxDokkan",2018-03-07 20:13:22,FALSE,"971471378695278592","971478938819223552","1202873940","<a href=""http://twitter.com"" rel=""nofollow"">Twitter Web Client</a>","NortFX",1,FALSE,FALSE,NA,NA
"105","Flu season is over rite?",FALSE,0,NA,2018-03-07 20:13:15,FALSE,NA,"971478906179080193",NA,"<a href=""http://twitter.com/download/android"" rel=""nofollow"">Twitter for Android</a>","iSupprT_Striprz",0,FALSE,FALSE,NA,NA
"106","@KayaJones I was down three days a few weeks ago.
Von Ryan's Express (1965) is a great flu movie!",FALSE,2,"KayaJones",2018-03-07 20:12:55,FALSE,"971476795714297857","971478822624288768","32626129","<a href=""http://twitter.com"" rel=""nofollow"">Twitter Web Client</a>","Founderwords",0,FALSE,FALSE,NA,NA
"107","I wish this flu season would end. Everyone under the sun is sick right now.",FALSE,2,NA,2018-03-07 20:12:39,FALSE,NA,"971478757704810496",NA,"<a href=""http://twitter.com/download/iphone"" rel=""nofollow"">Twitter for iPhone</a>","IllinoisActor",0,FALSE,FALSE,NA,NA
"108","@MapleleafCameo I only had a flu ones, about 15 years ago. Don't need to experience it a second time.",FALSE,1,"MapleleafCameo",2018-03-07 20:12:37,FALSE,"971478301419167744","971478748682969088","1701708288","<a href=""http://twitter.com/download/android"" rel=""nofollow"">Twitter for Android</a>","Mycopoftea",0,FALSE,FALSE,NA,NA
"109","Watch me wake up with a flu",FALSE,0,"Innuendorin",2018-03-07 20:12:19,FALSE,"971478398265712640","971478672581496832","64410454","<a href=""http://twitter.com/download/iphone"" rel=""nofollow"">Twitter for iPhone</a>","Innuendorin",0,FALSE,FALSE,NA,NA
"110","The Flu-dar. https://t.co/Bja4Oy6NIC #parenting",FALSE,0,NA,2018-03-07 20:12:15,FALSE,NA,"971478655003254786",NA,"<a href=""http://www.ajaymatharu.com/"" rel=""nofollow"">Tweet Old Post</a>","mumsymidwife",0,FALSE,FALSE,NA,NA
"111","Regarding @NME no longer in print - my first one had a Sly and Robbie single with it. I had the flu. I was 9. Not a… https://t.co/p6Pzaz0sSh",FALSE,0,NA,2018-03-07 20:12:10,TRUE,NA,"971478635600384000",NA,"<a href=""http://twitter.com/download/iphone"" rel=""nofollow"">Twitter for iPhone</a>","Leightwinst",0,FALSE,FALSE,NA,NA
"112","Just popping in to say I’m alive,just have the new flu that’s been going around <ed><U+00A0><U+00BD><ed><U+00B8><U+00AD><ed><U+00A0><U+00BD><ed><U+00B8><U+00AD><ed><U+00A0><U+00BD><ed><U+00B8><U+00AD>",FALSE,2,NA,2018-03-07 20:12:05,FALSE,NA,"971478615434170370",NA,"<a href=""http://twitter.com/#!/download/ipad"" rel=""nofollow"">Twitter for iPad</a>","Smkennedy0007",0,FALSE,FALSE,NA,NA
"113","I had influenza A a month ago and now I have B, but my 500$ insurance wouldn’t cover generic Tamiflu because I had… https://t.co/oM2d9g9ix4",FALSE,1,NA,2018-03-07 20:11:32,TRUE,NA,"971478477106024449",NA,"<a href=""http://twitter.com/download/iphone"" rel=""nofollow"">Twitter for iPhone</a>","BexleyDrive",0,FALSE,FALSE,NA,NA
"114","It's #cold &amp; flu season! https://t.co/6pgxCrhtu3 , TBM can help! #business Because #germs will be germs! #DFW,… https://t.co/iLfdkoxgXc",FALSE,0,NA,2018-03-07 20:11:28,TRUE,NA,"971478461029199873",NA,"<a href=""http://meetedgar.com"" rel=""nofollow"">Meet Edgar</a>","TBM_Janitorial",0,FALSE,FALSE,NA,NA
"115","@chloe_trautman Alkaseltzer cold and flu liquid gels day/nighttime. Only thing that helped me.",FALSE,0,"chloe_trautman",2018-03-07 20:11:23,FALSE,"971468755044679685","971478439965446149","882726711825235968","<a href=""http://twitter.com/download/iphone"" rel=""nofollow"">Twitter for iPhone</a>","AdvoXan12",0,FALSE,FALSE,NA,NA
"116","@BarlowFans_x @GaryBarlow You are doing brilliant at 9 stone that amazing Toni it is not always easy have had 1st a… https://t.co/OmMjj83K6K",FALSE,1,"BarlowFans_x",2018-03-07 20:11:01,TRUE,"971474939290312705","971478347162275840","3986032042","<a href=""http://twitter.com/download/android"" rel=""nofollow"">Twitter for Android</a>","SamanthaE151617",0,FALSE,FALSE,NA,NA
"117","On this day in 1963 https://t.co/1myXBtTPd7.played 1st home game since Dec 8th (snow ice) but lost 0-6 to Pwllheli… https://t.co/PMo17GBPQS",FALSE,0,NA,2018-03-07 20:11:01,TRUE,NA,"971478345945841665",NA,"<a href=""https://mobile.twitter.com"" rel=""nofollow"">Mobile Web (M2)</a>","westonisback",0,FALSE,FALSE,NA,NA
"118","Confirmed flu cases dropped again in Boone County last week: https://t.co/MkU0NdlEjf",FALSE,0,NA,2018-03-07 20:11:00,FALSE,NA,"971478341428510720",NA,"<a href=""https://about.twitter.com/products/tweetdeck"" rel=""nofollow"">TweetDeck</a>","939TheEagle",0,FALSE,FALSE,NA,NA
"119","@Mycopoftea Hugs for flu!
We had that a couple of months ago",FALSE,1,"Mycopoftea",2018-03-07 20:10:50,FALSE,"971475050900676608","971478301419167744","794509891","<a href=""http://twitter.com/download/iphone"" rel=""nofollow"">Twitter for iPhone</a>","MapleleafCameo",0,FALSE,FALSE,NA,NA
"120","Stuck in the bed with the flu on spring break.<ed><U+00A0><U+00BD><ed><U+00B1><U+008E><ed><U+00A0><U+00BC><ed><U+00BF><U+00BD>",FALSE,0,NA,2018-03-07 20:10:47,FALSE,NA,"971478285195579402",NA,"<a href=""http://twitter.com/download/iphone"" rel=""nofollow"">Twitter for iPhone</a>","Babelicouss",0,FALSE,FALSE,NA,NA
"121","Crowded Shelters and the Vicious Flu Brew Perfect Storm for the Homeless | https://t.co/cmShsa8wc6 #bioethics",FALSE,1,NA,2018-03-07 20:10:42,FALSE,NA,"971478267294347264",NA,"<a href=""http://www.bioethics.com/"" rel=""nofollow"">Bioethics.com</a>","bioethicsdotcom",0,FALSE,FALSE,NA,NA
"122","Sorry for inactive kinda have the flu but still going forward will try to get some art done <U+2764><U+FE0F>",FALSE,3,NA,2018-03-07 20:10:16,FALSE,NA,"971478155692331008",NA,"<a href=""http://twitter.com/download/iphone"" rel=""nofollow"">Twitter for iPhone</a>","PenCDesigns",0,FALSE,FALSE,NA,NA
"123","Here is some great dietary advice good for all seasons, but perhaps particularly great during flu season.… https://t.co/wKwDJqq02p",FALSE,0,NA,2018-03-07 20:10:10,TRUE,NA,"971478131537309701",NA,"<a href=""http://www.hootsuite.com"" rel=""nofollow"">Hootsuite</a>","spaaquaelv",0,FALSE,FALSE,NA,NA
"124","Have you or anyone you know had the flu this season?  Finally the cases are declining but the flu season is still v… https://t.co/U8yzI5GIJo",FALSE,0,NA,2018-03-07 20:10:09,TRUE,NA,"971478128446070786",NA,"<a href=""http://www.hootsuite.com"" rel=""nofollow"">Hootsuite</a>","BodySculptVIP",0,FALSE,FALSE,NA,NA
"125","Everyone at work probably thinks I have the stomach flu or something because I’ve been in the bathroom 30 times bec… https://t.co/9zjDreBmQj",FALSE,0,NA,2018-03-07 20:09:55,TRUE,NA,"971478068798861312",NA,"<a href=""http://twitter.com/download/iphone"" rel=""nofollow"">Twitter for iPhone</a>","ErinFialks",0,FALSE,FALSE,NA,NA
"126","MY BROTHER HAS THE FLU AND HE WAS COUGHING IN MY FACE A COUPLE DAYS AGO FML",FALSE,0,NA,2018-03-07 20:09:37,FALSE,NA,"971477993448030208",NA,"<a href=""http://twitter.com"" rel=""nofollow"">Twitter Web Client</a>","TapelessPear",0,FALSE,FALSE,NA,NA
"127","yhu ha.a this flu send help",FALSE,1,NA,2018-03-07 20:09:19,FALSE,NA,"971477916038172674",NA,"<a href=""http://twitter.com"" rel=""nofollow"">Twitter Web Client</a>","Lushovah",0,FALSE,FALSE,NA,NA
"128","@KayaJones HORSE feathers ...the MARX brothers ....you will laugh the Flu away ...er a 12 pack of PBR will also hel… https://t.co/qAqA58us86",FALSE,0,"KayaJones",2018-03-07 20:09:06,TRUE,"971476795714297857","971477863437340672","32626129","<a href=""http://twitter.com"" rel=""nofollow"">Twitter Web Client</a>","justthewool",0,FALSE,FALSE,NA,NA
"129","@CayleighElise Zycam or generic store brand. Supposedly shortens the flu/cold duration",FALSE,0,"CayleighElise",2018-03-07 20:09:05,FALSE,"971415441787768833","971477860035670016","894205602","<a href=""http://twitter.com/download/iphone"" rel=""nofollow"">Twitter for iPhone</a>","NathanJBunker",0,FALSE,FALSE,NA,NA
"130","Why we have no cure for common cold yet and symptom difference with Flu and Pneumonia https://t.co/4ejmwFSDjl https://t.co/UGTzCWPjhS",FALSE,0,NA,2018-03-07 20:09:04,FALSE,NA,"971477856881700865",NA,"<a href=""http://publicize.wp.com/"" rel=""nofollow"">WordPress.com</a>","myPoorBaba",0,FALSE,FALSE,NA,NA
"131","@_michelleb123 Girl, I fought of the plague this past week  (ie man flu) and today is the first day I feel clear en… https://t.co/8AB6QetjTl",FALSE,0,"_michelleb123",2018-03-07 20:08:50,TRUE,"971476234290057217","971477796869623808","2864246332","<a href=""http://twitter.com/download/iphone"" rel=""nofollow"">Twitter for iPhone</a>","Oms4Shanthi",0,FALSE,FALSE,NA,NA
"132","how shite is the flu!",FALSE,2,NA,2018-03-07 20:08:20,FALSE,NA,"971477671568867328",NA,"<a href=""http://twitter.com/download/iphone"" rel=""nofollow"">Twitter for iPhone</a>","TheMickter",0,FALSE,FALSE,NA,NA
"133","Well they didn’t test me for strep or the flu or anything else. They gave me a steroid shot, ordered me some meds and sent me home....",FALSE,1,NA,2018-03-07 20:08:18,FALSE,NA,"971477660537892864",NA,"<a href=""http://twitter.com/download/iphone"" rel=""nofollow"">Twitter for iPhone</a>","FuturePedOnc",0,FALSE,FALSE,NA,NA
"134","Le' sigh. 

Staved off the sickness ALL winter. 

Mother has influenza. Grandmother has a cold. 

Looking after the… https://t.co/cZDspU0kru",FALSE,0,NA,2018-03-07 20:08:14,TRUE,NA,"971477644683501569",NA,"<a href=""http://twitter.com/download/android"" rel=""nofollow"">Twitter for Android</a>","Saibhegan",0,FALSE,FALSE,NA,NA
"135","Apologizing in advance for how bad my voice sounds on this week's #KeynoteWUWF. The flu got me, guys. https://t.co/DQwe5EE4OR",FALSE,0,NA,2018-03-07 20:07:45,FALSE,NA,"971477523090624512",NA,"<a href=""http://twitter.com/download/android"" rel=""nofollow"">Twitter for Android</a>","MoLikesPoe",0,FALSE,FALSE,NA,NA
"136","@chloe_trautman Lots of fluids ... &amp; Motrin and Tylenol’s. If you get worse .. go to ER ..hope it’s not the flu . Feel better <ed><U+00A0><U+00BD><ed><U+00B2><U+0095><ed><U+00A0><U+00BD><ed><U+00B2><U+0095>",FALSE,0,"chloe_trautman",2018-03-07 20:07:44,FALSE,"971468755044679685","971477518648782854","882726711825235968","<a href=""http://twitter.com/download/iphone"" rel=""nofollow"">Twitter for iPhone</a>","Kenneshia0419",0,FALSE,FALSE,NA,NA
"137","MPJ's timing is good, CVL is down with the ACL, Geist is recovering from the flu. The Tigers really need the extra body.",FALSE,6,"SamTSnelling",2018-03-07 20:07:42,FALSE,"971476778760929281","971477509727510530","2701725631","<a href=""https://about.twitter.com/products/tweetdeck"" rel=""nofollow"">TweetDeck</a>","SamTSnelling",1,FALSE,FALSE,NA,NA
"138","I like that when you have the flu you feel like youve never not had the flu and have been sick for your entire life",FALSE,2,NA,2018-03-07 20:07:37,FALSE,NA,"971477491293544449",NA,"<a href=""http://twitter.com"" rel=""nofollow"">Twitter Web Client</a>","cappamusic",0,FALSE,FALSE,NA,NA
"139","Fire Cider: The All Natural Cold &amp; Flu Remedy You Can Make At Home https://t.co/xIaVXpNbut",FALSE,0,NA,2018-03-07 20:07:36,FALSE,NA,"971477487506087936",NA,"<a href=""http://twitter.com"" rel=""nofollow"">Twitter Web Client</a>","handcraftessent",0,FALSE,FALSE,NA,NA
"140","I get the flu one week and have strep the next and I’ll make out with Cody and I swear his immune system just gets better wtf",FALSE,1,NA,2018-03-07 20:07:12,FALSE,NA,"971477385144094720",NA,"<a href=""http://twitter.com/download/iphone"" rel=""nofollow"">Twitter for iPhone</a>","corallanne",0,FALSE,FALSE,NA,NA
"141","I haven’t seen ry since Sunday because of this stupid flu <ed><U+00A0><U+00BE><ed><U+00B4><U+0092><ed><U+00A0><U+00BD><ed><U+00B9><U+0084>",FALSE,0,NA,2018-03-07 20:07:10,FALSE,NA,"971477377904758784",NA,"<a href=""http://twitter.com/download/iphone"" rel=""nofollow"">Twitter for iPhone</a>","daniellapallett",0,FALSE,FALSE,NA,NA
"142","@FrannyGriffiths dunno if you know this but there's a load of your Reading 97 tracks on Spotify and you're doing a… https://t.co/aTmm0Wfy2b",FALSE,0,"FrannyGriffiths",2018-03-07 20:07:10,TRUE,NA,"971477377871212544","326244480","<a href=""http://twitter.com"" rel=""nofollow"">Twitter Web Client</a>","kankurette",0,FALSE,FALSE,NA,NA
"143","Flu-related hospitalizations continue to break records in Colorado https://t.co/2e5L2RhXgd",FALSE,0,NA,2018-03-07 20:07:10,FALSE,NA,"971477376189083648",NA,"<a href=""http://twitter.com"" rel=""nofollow"">Twitter Web Client</a>","ImmunizeCO",0,FALSE,FALSE,NA,NA
"144","@fimcfarlane86 @StephenKing Right! I’m blamimg this lack of inference to late night and flu <ed><U+00A0><U+00BD><ed><U+00B8><U+0082>",FALSE,1,"fimcfarlane86",2018-03-07 20:06:42,FALSE,"971476101250691072","971477259021443073","216186328","<a href=""http://twitter.com/download/iphone"" rel=""nofollow"">Twitter for iPhone</a>","ReadLikeMatilda",0,FALSE,FALSE,NA,NA
"145","Been doctors this evening I have a chest infection in top of the flu. Blood tests and chest X-ray tomorrow... <ed><U+00A0><U+00BD><ed><U+00B8><U+00AD><ed><U+00A0><U+00BD><ed><U+00B8><U+009E>",FALSE,0,NA,2018-03-07 20:06:41,FALSE,NA,"971477255955337216",NA,"<a href=""http://twitter.com/download/iphone"" rel=""nofollow"">Twitter for iPhone</a>","ChrisBournesFan",0,FALSE,FALSE,NA,NA
"146","It’s nice having class mates who notice when you haven’t been in class in two days and check in to see if your okay… https://t.co/DbfxafFdIV",FALSE,0,NA,2018-03-07 20:06:30,TRUE,NA,"971477207880257537",NA,"<a href=""http://twitter.com/download/iphone"" rel=""nofollow"">Twitter for iPhone</a>","ashley_snorts",0,FALSE,FALSE,NA,NA
"147","Check out the comic Crap I Drew on My Lunch Break :: Chicken Little and the Bird Flu  https://t.co/LhzG52IygZ via… https://t.co/RjIX7tM9ag",FALSE,2,NA,2018-03-07 20:06:30,TRUE,NA,"971477207804760064",NA,"<a href=""http://twitter.com"" rel=""nofollow"">Twitter Web Client</a>","jinwicked",1,FALSE,FALSE,NA,NA
"148","The flu has officially peaked and is declining. Keep washing your hands and if you start to feel under the weather… https://t.co/qzDG3dyY48",FALSE,0,NA,2018-03-07 20:06:01,TRUE,NA,"971477087977639936",NA,"<a href=""http://sproutsocial.com"" rel=""nofollow"">Sprout Social</a>","CentroMed_SA",0,FALSE,FALSE,NA,NA
"149","@CoachRuss4us Send them flu games to Wichita bro",FALSE,0,"CoachRuss4us",2018-03-07 20:05:52,FALSE,"971451106479017986","971477050799337472","4853652935","<a href=""http://twitter.com/download/android"" rel=""nofollow"">Twitter for Android</a>","SpeedyFalcons",0,FALSE,FALSE,NA,NA
"150","#Kenya: Child dies of suspected swine flu in Nanyuki https://t.co/abh7rvf7oP",FALSE,0,NA,2018-03-07 20:05:49,FALSE,NA,"971477038463938563",NA,"<a href=""http://watsupafrica.com"" rel=""nofollow"">WatsupAfrica to Twitter</a>","watsupafrica",0,FALSE,FALSE,NA,NA
"151","Go away flu! <ed><U+00A0><U+00BD><ed><U+00B8><U+00B7><ed><U+00A0><U+00BE><ed><U+00B4><U+0092> https://t.co/Rnq9dN8Q7g",FALSE,0,NA,2018-03-07 20:05:49,FALSE,NA,"971477038036062209",NA,"<a href=""http://twitter.com"" rel=""nofollow"">Twitter Web Client</a>","tvnewsEP",0,FALSE,FALSE,NA,NA
"152","Hopefully will make it for @TheManCouncilSA, the flu meds are working on me. Just in case i dont i have recorded it… https://t.co/rk9nZyFKFk",FALSE,0,NA,2018-03-07 20:05:21,TRUE,NA,"971476918355808257",NA,"<a href=""http://twitter.com/download/android"" rel=""nofollow"">Twitter for Android</a>","tshibaby",0,FALSE,FALSE,NA,NA
"153","If the dreaded virus has hit your home, you may be wondering how to shorten its duration. These are the best 8 food… https://t.co/QzjrXYinVt",FALSE,0,NA,2018-03-07 20:05:20,TRUE,NA,"971476913695977472",NA,"<a href=""http://www.hootsuite.com"" rel=""nofollow"">Hootsuite</a>","Natures_Jeannie",0,FALSE,FALSE,NA,NA
"154","When you’re sick, taking good care of your mouth becomes even more important. Here are some good tips! https://t.co/WXLHrm4Z6v",FALSE,0,NA,2018-03-07 20:05:17,FALSE,NA,"971476902748807168",NA,"<a href=""http://www.hootsuite.com"" rel=""nofollow"">Hootsuite</a>","OralHealthCO",0,FALSE,FALSE,NA,NA
"155","Class is canceled cause my teacher has the flu and I have time to study before my test!!",FALSE,0,NA,2018-03-07 20:04:59,FALSE,NA,"971476826135474176",NA,"<a href=""http://twitter.com/download/iphone"" rel=""nofollow"">Twitter for iPhone</a>","FelicityTravis",0,FALSE,FALSE,NA,NA
"156","@NationBreaking i've got a cold flu. i'm scared",FALSE,0,"NationBreaking",2018-03-07 20:04:55,FALSE,"971304975467937793","971476808670556161","1731878023","<a href=""https://mobile.twitter.com"" rel=""nofollow"">Mobile Web (M2)</a>","Josehulemmoja",0,FALSE,FALSE,NA,NA
"157","I’m getting to lay in bed and watch movies <ed><U+00A0><U+00BC><ed><U+00BE><U+00A5> flu season sucks! #CrimsonTide back to work tomorrow no matter what so… https://t.co/nRGKc0sWmn",FALSE,117,NA,2018-03-07 20:04:51,TRUE,NA,"971476795714297857",NA,"<a href=""http://twitter.com/download/iphone"" rel=""nofollow"">Twitter for iPhone</a>","KayaJones",19,FALSE,FALSE,NA,NA
"158","Remedies that Clean Your Lungs and say Goodbye to The Flu with This Powerful Homemade Syrup: https://t.co/p0hl9FK4Ah via @YouTube",FALSE,0,NA,2018-03-07 20:04:50,FALSE,NA,"971476791285223427",NA,"<a href=""http://www.google.com/"" rel=""nofollow"">Google</a>","HWellnesss",0,FALSE,FALSE,NA,NA
"159","couldn’t feel worse man this flu <U+2639><U+FE0F><U+2639><U+FE0F>",FALSE,0,NA,2018-03-07 20:04:49,FALSE,NA,"971476787090903040",NA,"<a href=""http://twitter.com/download/iphone"" rel=""nofollow"">Twitter for iPhone</a>","phil_hallett",0,FALSE,FALSE,NA,NA
"160","F Y I

In a Mild Year

the #Flu kills about 12,000

In a Severe Year

as many as 56,000

This year so far it is con… https://t.co/td1klt2Mjp",FALSE,0,NA,2018-03-07 20:04:49,TRUE,NA,"971476785694216194",NA,"<a href=""http://twitter.com/download/iphone"" rel=""nofollow"">Twitter for iPhone</a>","dadjokesbydad",0,FALSE,FALSE,NA,NA
"161","Nasty Flu Season Shows More Signs of Slowing https://t.co/Uw6Ht3kaih https://t.co/2mSB8MfcIs",FALSE,0,NA,2018-03-07 20:04:39,FALSE,NA,"971476744539648002",NA,"<a href=""https://about.twitter.com/products/tweetdeck"" rel=""nofollow"">TweetDeck</a>","MedBenTPA",0,FALSE,FALSE,NA,NA
"162","@kibblesmith California has the highest flu standards. Our flus are the best anywhere. We demand that you issue an… https://t.co/fyYwqc1Yw2",FALSE,0,"kibblesmith",2018-03-07 20:04:34,TRUE,"971466455953952768","971476721907073024","14641347","<a href=""http://twitter.com/download/iphone"" rel=""nofollow"">Twitter for iPhone</a>","HitchcockAshlee",0,FALSE,FALSE,NA,NA
"163","Cannot believe I went all cold/flu season with no illness then bam <ed><U+00A0><U+00BD><ed><U+00B1><U+008A> upper respitory in March.. <ed><U+00A0><U+00BD><ed><U+00B8><U+0092> #officeprobs",FALSE,0,NA,2018-03-07 20:04:31,FALSE,NA,"971476709617827840",NA,"<a href=""http://twitter.com/download/android"" rel=""nofollow"">Twitter for Android</a>","jrb8703",0,FALSE,FALSE,NA,NA
"164","Notice of Intent to Publish a Funding Opportunity Announcement for Impact of Initial Influenza Exposure on Immunity… https://t.co/ncUKYvNMJV",FALSE,0,NA,2018-03-07 20:04:31,TRUE,NA,"971476709294923781",NA,"<a href=""https://ifttt.com"" rel=""nofollow"">IFTTT</a>","TrynKeepUp",0,FALSE,FALSE,NA,NA
"165","@KrysJanae I feel your pain. Flu is an a-hole.",FALSE,0,"KrysJanae",2018-03-07 20:04:28,FALSE,"971464152681082880","971476698758828032","630976362","<a href=""http://twitter.com/download/android"" rel=""nofollow"">Twitter for Android</a>","UncratedBeast",0,FALSE,FALSE,NA,NA
"166","Mama got the flu they better get that shit out before I get there <ed><U+00A0><U+00BD><ed><U+00B9><U+0085><ed><U+00A0><U+00BC><ed><U+00BF><U+00BD><U+200D><U+2642><U+FE0F>",FALSE,0,NA,2018-03-07 20:04:12,FALSE,NA,"971476629955448832",NA,"<a href=""http://twitter.com/download/iphone"" rel=""nofollow"">Twitter for iPhone</a>","Its__Maine",0,FALSE,FALSE,NA,NA
"167","This flu mask feels like a fucking muzzle on my face <ed><U+00A0><U+00BD><ed><U+00B8><U+00B7><ed><U+00A0><U+00BE><ed><U+00B4><U+00AC>",FALSE,0,NA,2018-03-07 20:04:04,FALSE,NA,"971476596916932609",NA,"<a href=""http://twitter.com/download/iphone"" rel=""nofollow"">Twitter for iPhone</a>","Alexus_Texas",0,FALSE,FALSE,NA,NA
"168","Prevent the flu from our crunchy mama https://t.co/N9tEw09hVc",FALSE,0,NA,2018-03-07 20:04:03,FALSE,NA,"971476593133617152",NA,"<a href=""http://coschedule.com"" rel=""nofollow"">CoSchedule</a>","sdmomsblog",0,FALSE,FALSE,NA,NA
"169","This flu made me feel like i been sleep for a week",FALSE,0,NA,2018-03-07 20:03:46,FALSE,NA,"971476519523676161",NA,"<a href=""http://twitter.com/download/iphone"" rel=""nofollow"">Twitter for iPhone</a>","trini_barbie91",0,FALSE,FALSE,NA,NA
"170","pour 4s in my soda, i won’t catch a flu",FALSE,0,NA,2018-03-07 20:03:35,FALSE,NA,"971476475844145153",NA,"<a href=""http://twitter.com/download/iphone"" rel=""nofollow"">Twitter for iPhone</a>","_xoNami",0,FALSE,FALSE,NA,NA
"171","Still recovering from the flu. Got some Arkham Knight videos up on twitch for time being. Hoping to be fully recove… https://t.co/F2jA465223",FALSE,0,NA,2018-03-07 20:03:32,TRUE,NA,"971476461390651392",NA,"<a href=""http://twitter.com/download/android"" rel=""nofollow"">Twitter for Android</a>","UncratedBeast",0,FALSE,FALSE,NA,NA
"172","Crowded Shelters And The Vicious Flu Brew Perfect Storm For The Homeless https://t.co/5pY6ZpcImL",FALSE,0,NA,2018-03-07 20:03:31,FALSE,NA,"971476456776851456",NA,"<a href=""http://blog.anactivelife.com"" rel=""nofollow"">AnActiveLifeAP</a>","AnActiveLife",0,FALSE,FALSE,NA,NA
"173","&amp; im pretty sure I have the flu again<ed><U+00A0><U+00BD><ed><U+00B8><U+00A3><ed><U+00A0><U+00BD><ed><U+00B8><U+00A3>",FALSE,0,NA,2018-03-07 20:03:27,FALSE,NA,"971476441249603584",NA,"<a href=""http://twitter.com/download/iphone"" rel=""nofollow"">Twitter for iPhone</a>","itskaleighbaybe",0,FALSE,FALSE,NA,NA
"174","Also, love cures the flu.",FALSE,0,NA,2018-03-07 20:03:24,FALSE,NA,"971476427211075584",NA,"<a href=""http://twitter.com/download/iphone"" rel=""nofollow"">Twitter for iPhone</a>","stopbeinsus",0,FALSE,FALSE,NA,NA
"175","@toveyCodesa @sandidakar <ed><U+00A0><U+00BD><ed><U+00B8><U+0082><ed><U+00A0><U+00BD><ed><U+00B8><U+0082><ed><U+00A0><U+00BD><ed><U+00B8><U+0082><ed><U+00A0><U+00BD><ed><U+00B8><U+0082><ed><U+00A0><U+00BD><ed><U+00B8><U+0082><ed><U+00A0><U+00BD><ed><U+00B8><U+0082><ed><U+00A0><U+00BD><ed><U+00B8><U+0082><ed><U+00A0><U+00BD><ed><U+00B8><U+0082><ed><U+00A0><U+00BD><ed><U+00B8><U+0082><ed><U+00A0><U+00BD><ed><U+00B8><U+0082>rather catch the flu not feelings",FALSE,0,"toveyCodesa",2018-03-07 20:03:18,FALSE,"971475997358002178","971476405413470208","433954875","<a href=""http://twitter.com/download/android"" rel=""nofollow"">Twitter for Android</a>","iamsphe_jnr",0,FALSE,FALSE,NA,NA
"176","Smiling helps boost the immune system.The body relaxes and is better able to fight off the flu and colds.",FALSE,0,NA,2018-03-07 20:03:13,FALSE,NA,"971476384957784065",NA,"<a href=""https://www.google.com"" rel=""nofollow"">Vemshnub Tweeter</a>","Vemshnub",0,FALSE,FALSE,NA,NA
"177","When your Nana worries everyone in your family to get a flu shot and you don’t...<ed><U+00A0><U+00BE><ed><U+00B4><U+00A3><ed><U+00A0><U+00BD><ed><U+00B8><U+00B7><ed><U+00A0><U+00BE><ed><U+00B4><U+00A7> https://t.co/VP5dDFGzCz",FALSE,1,NA,2018-03-07 20:03:12,FALSE,NA,"971476378175594496",NA,"<a href=""http://twitter.com/download/iphone"" rel=""nofollow"">Twitter for iPhone</a>","JenFrazier73",0,FALSE,FALSE,NA,NA
"178","Kenya’s Ministry of Health confirmed Wednesday that a child has died and more than 60 others have been infected fro… https://t.co/ZMtlFzYwit",FALSE,0,NA,2018-03-07 20:03:06,TRUE,NA,"971476353492115457",NA,"<a href=""http://twitter.com/download/android"" rel=""nofollow"">Twitter for Android</a>","Partisan_Kafir",0,FALSE,FALSE,NA,NA
"179","Killer flu pandemic 'could hit tomorrow' and kill more than 300 million people https://t.co/kubKB98mwF",FALSE,0,NA,2018-03-07 20:03:02,FALSE,NA,"971476337939664896",NA,"<a href=""http://www.facebook.com/twitter"" rel=""nofollow"">Facebook</a>","Lorrisa_Amnesia",0,FALSE,FALSE,NA,NA
"180","I hate being sick! Fuck the Flu",FALSE,1,NA,2018-03-07 20:02:58,FALSE,NA,"971476321988640768",NA,"<a href=""http://twitter.com/download/android"" rel=""nofollow"">Twitter for Android</a>","Raul_Gonzalez17",1,FALSE,FALSE,NA,NA
"181","Flu activity is finally decreasing. Dr. Rosie Lyles reminds us why properly disinfecting surfaces is still key to d… https://t.co/27qg7IhEDH",FALSE,2,NA,2018-03-07 20:02:47,TRUE,NA,"971476275943665666",NA,"<a href=""http://sproutsocial.com"" rel=""nofollow"">Sprout Social</a>","Medline",1,FALSE,FALSE,NA,NA
"182","It's cold and flu season. Make sure you're getting enough sleep and drinking water.",FALSE,6,NA,2018-03-07 20:02:23,FALSE,NA,"971476175011840000",NA,"<a href=""http://twitter.com/download/iphone"" rel=""nofollow"">Twitter for iPhone</a>","QueenAwakened",2,FALSE,FALSE,NA,NA
"183","#Flu activity has been intense this season. Here are 6 things you need to know about this flu season.… https://t.co/jGup9SBSFj",FALSE,0,NA,2018-03-07 20:02:17,TRUE,NA,"971476147082027008",NA,"<a href=""http://sproutsocial.com"" rel=""nofollow"">Sprout Social</a>","ACHI_Net",0,FALSE,FALSE,NA,NA
"184","Chairwoman Gaspar delivers State of County Address, #flu activity slowing, initiative to better protect #seniors fr… https://t.co/2wyWRac83R",FALSE,0,NA,2018-03-07 20:02:01,TRUE,NA,"971476081512452097",NA,"<a href=""http://bufferapp.com"" rel=""nofollow"">Buffer</a>","PeterACallstrom",0,FALSE,FALSE,NA,NA
"185","I want you in my chest like the swine flu..",FALSE,0,NA,2018-03-07 20:01:51,FALSE,NA,"971476038185349122",NA,"<a href=""http://twitter.com/download/iphone"" rel=""nofollow"">Twitter for iPhone</a>","StreetRunnersCo",0,FALSE,FALSE,NA,NA
"186","I'm about to fail these finals tomorrow because this flu had me dying for the past week https://t.co/AIdPI5oBvf",FALSE,0,NA,2018-03-07 20:01:49,FALSE,NA,"971476031986126849",NA,"<a href=""http://twitter.com/download/android"" rel=""nofollow"">Twitter for Android</a>","jieunsnamyu",0,FALSE,FALSE,NA,NA
"187","Flu season can last through early spring. Check out these helpful resources to make sure you're prepared in case of… https://t.co/nOVSurZvj7",FALSE,0,NA,2018-03-07 20:01:44,TRUE,NA,"971476011513761793",NA,"<a href=""http://www.hootsuite.com"" rel=""nofollow"">Hootsuite</a>","NLM_SIS",0,FALSE,FALSE,NA,NA
"188","Elderly New Yorkers Refusing Flu Shots - Vaxxter https://t.co/DiwtUKyWQM",FALSE,0,NA,2018-03-07 20:01:42,FALSE,NA,"971476001480994821",NA,"<a href=""http://www.hootsuite.com"" rel=""nofollow"">Hootsuite</a>","SNCCLA",1,FALSE,FALSE,NA,NA
"189","wow of Course it’s the flu,, just what my life needed right now!!!!!!!!!!!!!!",FALSE,0,NA,2018-03-07 20:01:39,FALSE,NA,"971475987564146688",NA,"<a href=""http://twitter.com/download/iphone"" rel=""nofollow"">Twitter for iPhone</a>","sofiaomegle",0,FALSE,FALSE,NA,NA
"190","Teladoc’s U.S. board-certified doctors can diagnose and treat many of your medical conditions, including: flu sympt… https://t.co/LpcurnHbcd",FALSE,0,NA,2018-03-07 20:01:37,TRUE,NA,"971475979196616704",NA,"<a href=""http://www.hootsuite.com"" rel=""nofollow"">Hootsuite</a>","fallontips",0,FALSE,FALSE,NA,NA
"191","I’m all good man. Flu is gone. Thanks for the check up https://t.co/dp89zH5ANz",FALSE,1,NA,2018-03-07 20:01:36,FALSE,NA,"971475977317617670",NA,"<a href=""http://twitter.com/download/iphone"" rel=""nofollow"">Twitter for iPhone</a>","FkLegodi",1,FALSE,FALSE,NA,NA
"192","This flu season is breaking records – up to 34 million people may end up suffering from the illness this season. Fl… https://t.co/a8Z9LxGxGf",FALSE,0,NA,2018-03-07 20:01:22,TRUE,NA,"971475917993381888",NA,"<a href=""http://www.hootsuite.com"" rel=""nofollow"">Hootsuite</a>","PMGClarksville",0,FALSE,FALSE,NA,NA
"193","This cold/flu gradeaux it’s almost 2 weeks",FALSE,0,NA,2018-03-07 20:01:18,FALSE,NA,"971475900670726145",NA,"<a href=""http://twitter.com/#!/download/ipad"" rel=""nofollow"">Twitter for iPad</a>","DrAriafya",0,FALSE,FALSE,NA,NA
"194","During this flu-ridden season, increasing your child's #fitness level is very effective way to strengthen their imm… https://t.co/G4wsr8FluE",FALSE,0,NA,2018-03-07 20:01:18,TRUE,NA,"971475900134035456",NA,"<a href=""http://www.hootsuite.com"" rel=""nofollow"">Hootsuite</a>","ExudeFitness",0,FALSE,FALSE,NA,NA
"195","@OnondagaHisAssn I never should have done that interview on the 1918 flu pandemic.",FALSE,0,"OnondagaHisAssn",2018-03-07 20:01:17,FALSE,"971398802287595520","971475896409477121","216792258","<a href=""http://twitter.com/download/android"" rel=""nofollow"">Twitter for Android</a>","BobSearing81",0,FALSE,FALSE,NA,NA
"196","MORE Cold &amp; Flu Remedies | Holistic Health &amp; Living #herbs #coldandflu https://t.co/SOUJET2Xl2",FALSE,0,NA,2018-03-07 20:01:15,FALSE,NA,"971475886217355264",NA,"<a href=""http://www.hootsuite.com"" rel=""nofollow"">Hootsuite</a>","apothecary21c",0,FALSE,FALSE,NA,NA
"197","So I’m full of some sort of flu and more emotional than usual, but I was just describing to @GunslingerBen how awes… https://t.co/HlW09xkFep",FALSE,0,NA,2018-03-07 20:01:11,TRUE,NA,"971475870996205569",NA,"<a href=""http://twitter.com/download/iphone"" rel=""nofollow"">Twitter for iPhone</a>","GFlynnstone",0,FALSE,FALSE,NA,NA
"198","Well said @patrickmhook @BBCPanorama puts the seriousness and business critical nature of access to labour into con… https://t.co/0S2Kl020iQ",FALSE,3,NA,2018-03-07 20:01:10,TRUE,NA,"971475865975615489",NA,"<a href=""http://twitter.com"" rel=""nofollow"">Twitter Web Client</a>","GaryFord01",1,FALSE,FALSE,NA,NA
"199","#Kenya: #SwineFlu confirmed in Nanyuki; one dead - KBC https://t.co/muEQ3ipPkZ",FALSE,0,NA,2018-03-07 20:01:02,FALSE,NA,"971475835478822917",NA,"<a href=""http://www.hootsuite.com"" rel=""nofollow"">Hootsuite</a>","healthmap",1,FALSE,FALSE,NA,NA
"200","Update: looks like the child has influenza fml",FALSE,0,"corrieamaral",2018-03-07 20:01:02,FALSE,"971466375528140801","971475834862219264","590531122","<a href=""http://twitter.com/download/iphone"" rel=""nofollow"">Twitter for iPhone</a>","corrieamaral",0,FALSE,FALSE,NA,NA
